covariate,coef,hazard_ratio,standard_error,coef_lower_95,coef_upper_95,hr_lower_95,hr_upper_95,z_score,p_value
derived_days_in_current_stage,-0.001293,0.998708,0.000697,-0.002659,7.3e-05,0.997345,1.000073,-1.8554,0.063543
derived_notice_count,-0.290293,0.748044,0.467019,-1.205634,0.625048,0.299502,1.868335,-0.6216,0.534213
extension_count,0.63048,1.878512,0.863084,-1.061133,2.322093,0.346063,10.196995,0.7305,0.465087
derived_is_direct_purchase,-0.260759,0.770467,0.347627,-0.942096,0.420578,0.38981,1.522842,-0.7501,0.453188
current_stage_GENERAL_NOTICE,-0.455803,0.633939,0.242039,-0.93019,0.018585,0.394479,1.018759,-1.8832,0.059676
current_stage_INITIATION,0.63048,1.878512,0.863084,-1.061133,2.322093,0.346063,10.196995,0.7305,0.465087
current_stage_SECTION_11,0.976111,2.654115,0.28805,0.411543,1.54068,1.509145,4.667762,3.3887,0.000702
current_stage_SECTION_21,-0.262865,0.768845,0.52303,-1.287984,0.762254,0.275826,2.143101,-0.5026,0.615258
district_Pune,-0.267746,0.765102,0.240025,-0.738186,0.202694,0.47798,1.224698,-1.1155,0.26464
district_Solapur,-0.408973,0.664332,0.817062,-2.010385,1.192438,0.133937,3.295106,-0.5005,0.616694
district_Yavatmal,-0.181117,0.834338,0.550002,-1.259101,0.896868,0.283909,2.451911,-0.3293,0.741927
act_key_RFCTLARR_2013,0.200499,1.222013,1.298108,-2.343745,2.744743,0.095968,15.560618,0.1545,0.877251
derived_project_type_Irrigation / Canal,-0.201931,0.817151,0.849178,-1.86629,1.462428,0.154696,4.316426,-0.2378,0.812039
derived_project_type_Rural Infrastructure,-0.446382,0.639939,0.450727,-1.329791,0.437027,0.264532,1.548098,-0.9904,0.321999
