time,baseline_survival_probability
3,1.0
14,1.0
18,1.0
25,0.999474
35,0.999474
45,0.999474
59,0.999474
62,0.999474
72,0.999474
88,0.999474
93,0.999474
104,0.999474
108,0.999474
120,0.99875
125,0.99875
135,0.99875
149,0.99875
157,0.99875
162,0.99875
183,0.99875
194,0.99875
198,0.99875
210,0.997691
215,0.997691
216,0.997691
225,0.997691
229,0.997691
238,0.995965
239,0.995965
247,0.995965
251,0.995965
252,0.995965
253,0.995965
258,0.995965
260,0.995965
270,0.995965
273,0.995965
284,0.995965
288,0.995965
300,0.991443
305,0.991443
311,0.991443
315,0.991443
324,0.991443
337,0.991443
346,0.991443
353,0.991443
363,0.991443
365,0.991443
388,0.991443
390,0.983519
395,0.983519
401,0.983519
414,0.983519
417,0.983519
427,0.983519
436,0.983519
443,0.983519
453,0.983519
455,0.983519
483,0.983519
485,0.983519
491,0.983519
504,0.983519
512,0.983519
517,0.983519
526,0.983519
533,0.983519
545,0.983519
564,0.983519
571,0.983519
573,0.983519
575,0.983519
581,0.983519
594,0.983519
602,0.983519
612,0.983519
616,0.983519
623,0.983519
635,0.983519
647,0.983519
659,0.983519
663,0.983519
666,0.983519
692,0.983519
702,0.983519
742,0.983519
749,0.983519
753,0.983519
756,0.983519
782,0.983519
792,0.983519
832,0.983519
839,0.983519
846,0.983519
882,0.983519
922,0.983519
929,0.983519
936,0.983519
1012,0.983519
