time,number_at_risk,number_events,number_censored,survival_probability,cumulative_hazard,standard_error,confidence_interval_lower,confidence_interval_upper
1,896,2,18,0.997768,0.002235,0.001577,0.994678,1.0
25,876,1,1,0.996629,0.003377,0.001943,0.99282,1.0
35,874,1,17,0.995489,0.004522,0.002251,0.991077,0.9999
59,856,2,7,0.993163,0.006861,0.002782,0.987709,0.998616
60,847,16,12,0.974402,0.025932,0.005388,0.96384,0.984963
80,819,2,2,0.972022,0.028377,0.005632,0.960984,0.98306
87,815,6,1,0.964866,0.035766,0.006303,0.952513,0.977219
91,808,2,27,0.962478,0.038244,0.006509,0.949719,0.975236
120,779,1,3,0.961242,0.039529,0.006617,0.948273,0.974212
125,775,1,47,0.960002,0.04082,0.006724,0.946823,0.973181
181,727,2,37,0.957361,0.043575,0.00696,0.94372,0.971002
210,688,1,34,0.955969,0.045029,0.007088,0.942078,0.969861
238,653,1,108,0.954506,0.046562,0.007226,0.940342,0.968669
300,544,1,116,0.952751,0.048402,0.007423,0.938202,0.9673
390,427,1,426,0.95052,0.050746,0.007734,0.935362,0.965678
